# source: papers/2026-06-residual-return-learning/residual_return_learning.tex; generated by: code/2026-06-residual-return-learning/keystone_unify.py
role,learning_number_field_K,language_Cl_2_0
loss/residual,r = x - P x  (trace form G),L(X) = R X + X R - X
captured iff,||r||_G^2 = 0 (exact over Q),L(X) = 0 (exact over Q)
landing space,col(B) subset K,ker L = span{e1+2e2, i}
model state,forced basis B (growing),lexicon subset ker L (growing)
sole mutator,confirm (adjoin seed),commit / lexicon add
generalisation,same residual direction captured once,same exact residue => one entry
witness,SHA-256 chain (eq chain),the SAME SHA-256 chain
exactness gate,Q/Z decision; float refused,Q decision; float refused
