# source: papers/2026-07-pisot-residue/pisot_residue_whitepaper.tex; generated by: code/2026-07-pisot-residue/quartic_sweep.py
coeffs_hi_to_lo,poly,theta_display,kind,n_real_inside,n_nonreal_pairs
[1 -1 0 0 -1],x^4 - x^3 - 1,1.380278,complex_pair,1,1
[1 -2 0 1 -1],x^4 - 2x^3 + x - 1,1.866760,complex_pair,1,1
[1 -1 -2 0 1],x^4 - x^3 - 2x^2 + 1,1.905166,complex_pair,1,1
[1 -1 -1 -1 -1],x^4 - x^3 - x^2 - x - 1,1.927562,complex_pair,1,1
[1 -1 -1 -2 -1],x^4 - x^3 - x^2 - 2x - 1,2.065995,complex_pair,1,1
[1 -2 0 0 -1],x^4 - 2x^3 - 1,2.106919,complex_pair,1,1
[1 -2 0 -1 1],x^4 - 2x^3 - x + 1,2.117689,complex_pair,1,1
[1 -3 2 0 -1],x^4 - 3x^3 + 2x^2 - 1,2.178724,complex_pair,1,1
[1 -2 0 -1 -1],x^4 - 2x^3 - x - 1,2.277452,complex_pair,1,1
[1 -1 -2 -2 -1],x^4 - x^3 - 2x^2 - 2x - 1,2.316512,complex_pair,1,1
[1 -2 -1 0 1],x^4 - 2x^3 - x^2 + 1,2.348594,complex_pair,1,1
[1 -3 1 2 -2],x^4 - 3x^3 + x^2 + 2x - 2,2.373133,complex_pair,1,1
[1 -3 2 -2 1],x^4 - 3x^3 + 2x^2 - 2x + 1,2.448678,complex_pair,1,1
[1 -2 -1 0 -1],x^4 - 2x^3 - x^2 - 1,2.470979,complex_pair,1,1
[1 -2 -1 -1 1],x^4 - 2x^3 - x^2 - x + 1,2.496698,complex_pair,1,1
[1 -3 1 1 -1],x^4 - 3x^3 + x^2 + x - 1,2.505068,complex_pair,1,1
[1 -2 -2 1 1],x^4 - 2x^3 - 2x^2 + x + 1,2.568115,complex_pair,1,1
[1 -3 1 1 -2],x^4 - 3x^3 + x^2 + x - 2,2.578423,complex_pair,1,1
[1 -2 -1 -1 -1],x^4 - 2x^3 - x^2 - x - 1,2.592053,complex_pair,1,1
[1 -1 -3 -3 -1],x^4 - x^3 - 3x^2 - 3x - 1,2.629658,complex_pair,1,1
[1 -2 -1 -1 -2],x^4 - 2x^3 - x^2 - x - 2,2.633439,complex_pair,1,1
[1 -2 -2 0 2],x^4 - 2x^3 - 2x^2 + 2,2.647632,complex_pair,1,1
[1 -3 1 0 -1],x^4 - 3x^3 + x^2 - 1,2.678712,complex_pair,1,1
[1 -2 -2 0 1],x^4 - 2x^3 - 2x^2 + 1,2.691740,complex_pair,1,1
[1 -2 -1 -2 -1],x^4 - 2x^3 - x^2 - 2x - 1,2.696797,complex_pair,1,1
[1 -3 1 -1 1],x^4 - 3x^3 + x^2 - x + 1,2.717608,complex_pair,1,1
[1 -3 0 2 -1],x^4 - 3x^3 + 2x - 1,2.788973,complex_pair,1,1
[1 -2 -2 -1 1],x^4 - 2x^3 - 2x^2 - x + 1,2.797136,complex_pair,1,1
[1 -3 1 -2 2],x^4 - 3x^3 + x^2 - 2x + 2,2.807158,complex_pair,1,1
[1 -3 1 -1 -1],x^4 - 3x^3 + x^2 - x - 1,2.815776,complex_pair,1,1
[1 -2 -3 1 2],x^4 - 2x^3 - 3x^2 + x + 2,2.844229,complex_pair,1,1
[1 -3 1 -2 1],x^4 - 3x^3 + x^2 - 2x + 1,2.852145,complex_pair,1,1
[1 -2 -2 -1 -1],x^4 - 2x^3 - 2x^2 - x - 1,2.863131,complex_pair,1,1
[1 -3 0 1 -1],x^4 - 3x^3 + x - 1,2.923000,complex_pair,1,1
[1 -3 1 -2 -1],x^4 - 3x^3 + x^2 - 2x - 1,2.931316,complex_pair,1,1
[1 -2 -3 0 2],x^4 - 2x^3 - 3x^2 + 2,2.941347,complex_pair,1,1
[1 -2 -2 -2 -1],x^4 - 2x^3 - 2x^2 - 2x - 1,2.947712,complex_pair,1,1
[1 -3 0 0 1],x^4 - 3x^3 + 1,2.961500,complex_pair,1,1
[1 -3 0 1 -2],x^4 - 3x^3 + x - 2,2.962980,complex_pair,1,1
[1 -2 -3 0 1],x^4 - 2x^3 - 3x^2 + 1,2.971483,complex_pair,1,1
[1 -2 -2 -2 -2],x^4 - 2x^3 - 2x^2 - 2x - 2,2.974449,complex_pair,1,1
[1 -2 -2 -3 -1],x^4 - 2x^3 - 2x^2 - 3x - 1,3.025088,complex_pair,1,1
[1 -3 0 0 -1],x^4 - 3x^3 - 1,3.035744,complex_pair,1,1
[1 -3 0 -1 2],x^4 - 3x^3 - x + 2,3.037021,complex_pair,1,1
[1 -2 -2 -3 -2],x^4 - 2x^3 - 2x^2 - 3x - 2,3.049146,complex_pair,1,1
[1 -2 -3 -1 1],x^4 - 2x^3 - 3x^2 - x + 1,3.054315,complex_pair,1,1
[1 -3 0 0 -2],x^4 - 3x^3 - 2,3.069177,complex_pair,1,1
[1 -3 0 -1 1],x^4 - 3x^3 - x + 1,3.071488,complex_pair,1,1
[1 -3 0 -1 -1],x^4 - 3x^3 - x - 1,3.134273,complex_pair,1,1
[1 -3 0 -2 2],x^4 - 3x^3 - 2x + 2,3.138358,complex_pair,1,1
[1 -3 0 -1 -2],x^4 - 3x^3 - x - 2,3.163139,complex_pair,1,1
[1 -3 0 -2 1],x^4 - 3x^3 - 2x + 1,3.167842,complex_pair,1,1
[1 -2 -3 -2 -1],x^4 - 2x^3 - 3x^2 - 2x - 1,3.174674,complex_pair,1,1
[1 -3 -1 1 1],x^4 - 3x^3 - x^2 + x + 1,3.184447,complex_pair,1,1
[1 -3 0 -2 -1],x^4 - 3x^3 - 2x - 1,3.222480,complex_pair,1,1
[1 -2 -3 -3 -1],x^4 - 2x^3 - 3x^2 - 3x - 1,3.240743,complex_pair,1,1
[1 -3 -1 1 -1],x^4 - 3x^3 - x^2 + x - 1,3.242617,complex_pair,1,1
[1 -3 -1 0 2],x^4 - 3x^3 - x^2 + 2,3.249453,complex_pair,1,1
[1 -2 -3 -3 -2],x^4 - 2x^3 - 3x^2 - 3x - 2,3.260170,complex_pair,1,1
[1 -3 -1 0 1],x^4 - 3x^3 - x^2 + 1,3.276757,complex_pair,1,1
[1 -3 -1 0 -1],x^4 - 3x^3 - x^2 - 1,3.327651,complex_pair,1,1
[1 -3 -1 -1 2],x^4 - 3x^3 - x^2 - x + 2,3.335768,complex_pair,1,1
[1 -3 -1 0 -2],x^4 - 3x^3 - x^2 - 2,3.351500,complex_pair,1,1
[1 -3 -1 -1 1],x^4 - 3x^3 - x^2 - x + 1,3.359851,complex_pair,1,1
[1 -3 -2 2 1],x^4 - 3x^3 - 2x^2 + 2x + 1,3.390257,totally_real,3,0
[1 -3 -1 -1 -1],x^4 - 3x^3 - x^2 - x - 1,3.405231,complex_pair,1,1
[1 -3 -1 -1 -2],x^4 - 3x^3 - x^2 - x - 2,3.426695,complex_pair,1,1
[1 -3 -1 -2 1],x^4 - 3x^3 - x^2 - 2x + 1,3.435818,complex_pair,1,1
[1 -3 -2 1 2],x^4 - 3x^3 - 2x^2 + x + 2,3.447204,complex_pair,1,1
[1 -3 -1 -1 -3],x^4 - 3x^3 - x^2 - x - 3,3.447433,complex_pair,1,1
[1 -3 -2 1 1],x^4 - 3x^3 - 2x^2 + x + 1,3.469439,complex_pair,1,1
[1 -3 -1 -2 -1],x^4 - 3x^3 - x^2 - 2x - 1,3.476855,complex_pair,1,1
[1 -3 -1 -2 -2],x^4 - 3x^3 - x^2 - 2x - 2,3.496401,complex_pair,1,1
[1 -3 -2 0 3],x^4 - 3x^3 - 2x^2 + 3,3.501321,complex_pair,1,1
[1 -3 -2 0 2],x^4 - 3x^3 - 2x^2 + 2,3.522072,complex_pair,1,1
[1 -3 -2 0 1],x^4 - 3x^3 - 2x^2 + 1,3.542131,complex_pair,1,1
[1 -3 -1 -3 -1],x^4 - 3x^3 - x^2 - 3x - 1,3.543584,complex_pair,1,1
[1 -3 -2 0 -1],x^4 - 3x^3 - 2x^2 - 1,3.580387,complex_pair,1,1
[1 -3 -2 -1 2],x^4 - 3x^3 - 2x^2 - x + 2,3.591263,complex_pair,1,1
[1 -3 -2 -1 1],x^4 - 3x^3 - 2x^2 - x + 1,3.609571,complex_pair,1,1
[1 -3 -3 2 2],x^4 - 3x^3 - 3x^2 + 2x + 2,3.632571,complex_pair,1,1
[1 -3 -2 -1 -1],x^4 - 3x^3 - 2x^2 - x - 1,3.644680,complex_pair,1,1
[1 -3 -2 -1 -2],x^4 - 3x^3 - 2x^2 - x - 2,3.661547,complex_pair,1,1
[1 -3 -2 -2 1],x^4 - 3x^3 - 2x^2 - 2x + 1,3.672654,complex_pair,1,1
[1 -3 -3 1 3],x^4 - 3x^3 - 3x^2 + x + 3,3.681040,complex_pair,1,1
[1 -3 -3 1 2],x^4 - 3x^3 - 3x^2 + x + 2,3.698502,complex_pair,1,1
[1 -3 -2 -2 -1],x^4 - 3x^3 - 2x^2 - 2x - 1,3.705138,complex_pair,1,1
[1 -3 -3 1 1],x^4 - 3x^3 - 3x^2 + x + 1,3.715495,complex_pair,1,1
[1 -3 -2 -2 -2],x^4 - 3x^3 - 2x^2 - 2x - 2,3.720806,complex_pair,1,1
[1 -3 -2 -2 -3],x^4 - 3x^3 - 2x^2 - 2x - 3,3.736121,complex_pair,1,1
[1 -3 -3 0 2],x^4 - 3x^3 - 3x^2 + 2,3.760210,complex_pair,1,1
[1 -3 -2 -3 -1],x^4 - 3x^3 - 2x^2 - 3x - 1,3.762306,complex_pair,1,1
[1 -3 -3 0 1],x^4 - 3x^3 - 3x^2 + 1,3.775931,complex_pair,1,1
[1 -3 -2 -3 -2],x^4 - 3x^3 - 2x^2 - 3x - 2,3.776948,complex_pair,1,1
[1 -3 -3 -1 2],x^4 - 3x^3 - 3x^2 - x + 2,3.818344,complex_pair,1,1
[1 -3 -3 -1 1],x^4 - 3x^3 - 3x^2 - x + 1,3.832987,complex_pair,1,1
[1 -3 -3 -1 -1],x^4 - 3x^3 - 3x^2 - x - 1,3.861365,complex_pair,1,1
[1 -3 -3 -2 1],x^4 - 3x^3 - 3x^2 - 2x + 1,3.887119,complex_pair,1,1
[1 -3 -3 -2 -1],x^4 - 3x^3 - 3x^2 - 2x - 1,3.913773,complex_pair,1,1
[1 -3 -3 -2 -2],x^4 - 3x^3 - 3x^2 - 2x - 2,3.926734,complex_pair,1,1
[1 -3 -3 -3 -1],x^4 - 3x^3 - 3x^2 - 3x - 1,3.963836,complex_pair,1,1
[1 -3 -3 -3 -2],x^4 - 3x^3 - 3x^2 - 3x - 2,3.976089,complex_pair,1,1
[1 -3 -3 -3 -3],x^4 - 3x^3 - 3x^2 - 3x - 3,3.988141,complex_pair,1,1
