# source: papers/2026-06-charge-measure-coupling/charge-measure-coupling-whitepaper-v4.tex; generated by: code/2026-06-charge-measure-coupling/charge_group_structure.py
m,k,gcd,lcm,tensor_charge_group,generated_order,full_lattice,kernel_order,lossless_safe,coprime
1,1,1,1,Z/1,1,yes,1,yes,yes
1,2,1,2,Z/2,2,yes,1,yes,yes
1,3,1,3,Z/3,3,yes,1,yes,yes
1,4,1,4,Z/4,4,yes,1,yes,yes
1,5,1,5,Z/5,5,yes,1,yes,yes
1,6,1,6,Z/6,6,yes,1,yes,yes
1,7,1,7,Z/7,7,yes,1,yes,yes
1,8,1,8,Z/8,8,yes,1,yes,yes
1,9,1,9,Z/9,9,yes,1,yes,yes
1,10,1,10,Z/10,10,yes,1,yes,yes
1,11,1,11,Z/11,11,yes,1,yes,yes
1,12,1,12,Z/12,12,yes,1,yes,yes
2,1,1,2,Z/2,2,yes,1,yes,yes
2,2,2,2,Z/2,2,yes,2,no,no
2,3,1,6,Z/6,6,yes,1,yes,yes
2,4,2,4,Z/4,4,yes,2,no,no
2,5,1,10,Z/10,10,yes,1,yes,yes
2,6,2,6,Z/6,6,yes,2,no,no
2,7,1,14,Z/14,14,yes,1,yes,yes
2,8,2,8,Z/8,8,yes,2,no,no
2,9,1,18,Z/18,18,yes,1,yes,yes
2,10,2,10,Z/10,10,yes,2,no,no
2,11,1,22,Z/22,22,yes,1,yes,yes
2,12,2,12,Z/12,12,yes,2,no,no
3,1,1,3,Z/3,3,yes,1,yes,yes
3,2,1,6,Z/6,6,yes,1,yes,yes
3,3,3,3,Z/3,3,yes,3,no,no
3,4,1,12,Z/12,12,yes,1,yes,yes
3,5,1,15,Z/15,15,yes,1,yes,yes
3,6,3,6,Z/6,6,yes,3,no,no
3,7,1,21,Z/21,21,yes,1,yes,yes
3,8,1,24,Z/24,24,yes,1,yes,yes
3,9,3,9,Z/9,9,yes,3,no,no
3,10,1,30,Z/30,30,yes,1,yes,yes
3,11,1,33,Z/33,33,yes,1,yes,yes
3,12,3,12,Z/12,12,yes,3,no,no
4,1,1,4,Z/4,4,yes,1,yes,yes
4,2,2,4,Z/4,4,yes,2,no,no
4,3,1,12,Z/12,12,yes,1,yes,yes
4,4,4,4,Z/4,4,yes,4,no,no
4,5,1,20,Z/20,20,yes,1,yes,yes
4,6,2,12,Z/12,12,yes,2,no,no
4,7,1,28,Z/28,28,yes,1,yes,yes
4,8,4,8,Z/8,8,yes,4,no,no
4,9,1,36,Z/36,36,yes,1,yes,yes
4,10,2,20,Z/20,20,yes,2,no,no
4,11,1,44,Z/44,44,yes,1,yes,yes
4,12,4,12,Z/12,12,yes,4,no,no
5,1,1,5,Z/5,5,yes,1,yes,yes
5,2,1,10,Z/10,10,yes,1,yes,yes
5,3,1,15,Z/15,15,yes,1,yes,yes
5,4,1,20,Z/20,20,yes,1,yes,yes
5,5,5,5,Z/5,5,yes,5,no,no
5,6,1,30,Z/30,30,yes,1,yes,yes
5,7,1,35,Z/35,35,yes,1,yes,yes
5,8,1,40,Z/40,40,yes,1,yes,yes
5,9,1,45,Z/45,45,yes,1,yes,yes
5,10,5,10,Z/10,10,yes,5,no,no
5,11,1,55,Z/55,55,yes,1,yes,yes
5,12,1,60,Z/60,60,yes,1,yes,yes
6,1,1,6,Z/6,6,yes,1,yes,yes
6,2,2,6,Z/6,6,yes,2,no,no
6,3,3,6,Z/6,6,yes,3,no,no
6,4,2,12,Z/12,12,yes,2,no,no
6,5,1,30,Z/30,30,yes,1,yes,yes
6,6,6,6,Z/6,6,yes,6,no,no
6,7,1,42,Z/42,42,yes,1,yes,yes
6,8,2,24,Z/24,24,yes,2,no,no
6,9,3,18,Z/18,18,yes,3,no,no
6,10,2,30,Z/30,30,yes,2,no,no
6,11,1,66,Z/66,66,yes,1,yes,yes
6,12,6,12,Z/12,12,yes,6,no,no
7,1,1,7,Z/7,7,yes,1,yes,yes
7,2,1,14,Z/14,14,yes,1,yes,yes
7,3,1,21,Z/21,21,yes,1,yes,yes
7,4,1,28,Z/28,28,yes,1,yes,yes
7,5,1,35,Z/35,35,yes,1,yes,yes
7,6,1,42,Z/42,42,yes,1,yes,yes
7,7,7,7,Z/7,7,yes,7,no,no
7,8,1,56,Z/56,56,yes,1,yes,yes
7,9,1,63,Z/63,63,yes,1,yes,yes
7,10,1,70,Z/70,70,yes,1,yes,yes
7,11,1,77,Z/77,77,yes,1,yes,yes
7,12,1,84,Z/84,84,yes,1,yes,yes
8,1,1,8,Z/8,8,yes,1,yes,yes
8,2,2,8,Z/8,8,yes,2,no,no
8,3,1,24,Z/24,24,yes,1,yes,yes
8,4,4,8,Z/8,8,yes,4,no,no
8,5,1,40,Z/40,40,yes,1,yes,yes
8,6,2,24,Z/24,24,yes,2,no,no
8,7,1,56,Z/56,56,yes,1,yes,yes
8,8,8,8,Z/8,8,yes,8,no,no
8,9,1,72,Z/72,72,yes,1,yes,yes
8,10,2,40,Z/40,40,yes,2,no,no
8,11,1,88,Z/88,88,yes,1,yes,yes
8,12,4,24,Z/24,24,yes,4,no,no
9,1,1,9,Z/9,9,yes,1,yes,yes
9,2,1,18,Z/18,18,yes,1,yes,yes
9,3,3,9,Z/9,9,yes,3,no,no
9,4,1,36,Z/36,36,yes,1,yes,yes
9,5,1,45,Z/45,45,yes,1,yes,yes
9,6,3,18,Z/18,18,yes,3,no,no
9,7,1,63,Z/63,63,yes,1,yes,yes
9,8,1,72,Z/72,72,yes,1,yes,yes
9,9,9,9,Z/9,9,yes,9,no,no
9,10,1,90,Z/90,90,yes,1,yes,yes
9,11,1,99,Z/99,99,yes,1,yes,yes
9,12,3,36,Z/36,36,yes,3,no,no
10,1,1,10,Z/10,10,yes,1,yes,yes
10,2,2,10,Z/10,10,yes,2,no,no
10,3,1,30,Z/30,30,yes,1,yes,yes
10,4,2,20,Z/20,20,yes,2,no,no
10,5,5,10,Z/10,10,yes,5,no,no
10,6,2,30,Z/30,30,yes,2,no,no
10,7,1,70,Z/70,70,yes,1,yes,yes
10,8,2,40,Z/40,40,yes,2,no,no
10,9,1,90,Z/90,90,yes,1,yes,yes
10,10,10,10,Z/10,10,yes,10,no,no
10,11,1,110,Z/110,110,yes,1,yes,yes
10,12,2,60,Z/60,60,yes,2,no,no
11,1,1,11,Z/11,11,yes,1,yes,yes
11,2,1,22,Z/22,22,yes,1,yes,yes
11,3,1,33,Z/33,33,yes,1,yes,yes
11,4,1,44,Z/44,44,yes,1,yes,yes
11,5,1,55,Z/55,55,yes,1,yes,yes
11,6,1,66,Z/66,66,yes,1,yes,yes
11,7,1,77,Z/77,77,yes,1,yes,yes
11,8,1,88,Z/88,88,yes,1,yes,yes
11,9,1,99,Z/99,99,yes,1,yes,yes
11,10,1,110,Z/110,110,yes,1,yes,yes
11,11,11,11,Z/11,11,yes,11,no,no
11,12,1,132,Z/132,132,yes,1,yes,yes
12,1,1,12,Z/12,12,yes,1,yes,yes
12,2,2,12,Z/12,12,yes,2,no,no
12,3,3,12,Z/12,12,yes,3,no,no
12,4,4,12,Z/12,12,yes,4,no,no
12,5,1,60,Z/60,60,yes,1,yes,yes
12,6,6,12,Z/12,12,yes,6,no,no
12,7,1,84,Z/84,84,yes,1,yes,yes
12,8,4,24,Z/24,24,yes,4,no,no
12,9,3,36,Z/36,36,yes,3,no,no
12,10,2,60,Z/60,60,yes,2,no,no
12,11,1,132,Z/132,132,yes,1,yes,yes
12,12,12,12,Z/12,12,yes,12,no,no
